4500,Daniel López Moore,2020-03-03T11:15:36Z,4,3
4501,John Wilson Morales,2019-01-18T03:20:38Z,4,4
4502,Elena López Martínez,2018-11-19T20:26:05Z,4,3
4503,Natalia Sánchez Davis,2019-10-10T07:33:15Z,2,4
4504,Laura Johnson Sánchez,2020-03-26T11:15:18Z,2,3
4505,Isabel Garcia Smith,2019-06-04T02:33:17Z,4,3
4506,Carlos Sánchez Morales,2020-12-12T18:20:25Z,1,5
4507,María Díaz Davis,2020-02-20T19:54:48Z,1,1
4508,Luisa González Moore,2019-07-31T22:21:55Z,2,1
4509,Natalia Martinez Morales,2019-05-04T02:49:13Z,5,4
4510,David Martinez Miller,2019-03-16T04:16:20Z,4,5
4511,Daniel Rodríguez Miller,2020-04-05T01:11:33Z,2,1
4512,Natalia Sánchez Johnson,2019-06-19T13:44:01Z,4,3
4513,Jorge González Pérez,2018-06-05T16:16:10Z,2,4
4514,Laura Martinez González,2019-05-10T01:03:43Z,2,1
4515,Sophia Moore Romero,2020-04-13T23:53:22Z,3,2
4516,Raquel Miller Morales,2018-10-06T11:48:05Z,5,1
4517,Luisa Gómez Brown,2018-09-29T10:50:31Z,2,3
4518,David Pérez Wilson,2019-09-20T13:13:58Z,3,5
4519,Natalia Sánchez Garcia,2019-09-20T19:51:42Z,2,4
4520,José Martínez López,2020-01-01T09:37:22Z,3,3
4521,Emily Martínez Sánchez,2020-08-03T10:21:46Z,3,3
4522,Elena Garcia Martinez,2020-03-31T10:55:39Z,5,2
4523,Miguel Romero Martínez,2019-12-09T00:33:50Z,4,3
4524,Javier Gómez Romero,2020-03-29T10:38:27Z,4,2
4525,Raquel Pérez Pérez,2019-02-23T23:00:49Z,3,3
4526,John Morales Smith,2019-04-03T18:55:39Z,2,1
4527,Jorge Fernández López,2018-11-21T06:19:02Z,5,4
4528,Luisa Sanchez González,2019-01-25T17:08:13Z,5,5
4529,Sergio Brown Moore,2019-12-28T23:25:36Z,5,2
4530,Jorge Miller Garcia,2018-07-08T02:31:06Z,2,5
4531,Laura Garcia Miller,2019-06-14T16:49:40Z,4,4
4532,Javier Sánchez Fernández,2019-06-11T20:42:22Z,5,2
4533,Jorge Romero Morales,2019-08-13T16:26:31Z,4,3
4534,Raquel López Johnson,2019-06-06T19:55:36Z,4,2
4535,Laura Martinez González,2019-02-13T06:16:09Z,2,5
4536,Natalia Smith Sánchez,2019-06-07T08:25:52Z,1,4
4537,Emily Brown Sánchez,2020-09-16T09:20:22Z,4,3
4538,Jorge Rodríguez Jones,2020-11-06T03:50:24Z,5,1
4539,Natalia Garcia Rodríguez,2019-08-21T20:04:48Z,2,3
4540,Luisa Romero Wilson,2019-12-21T22:52:14Z,2,3
4541,Emily Jones Miller,2018-07-31T14:50:29Z,2,1
4542,Jane Díaz Garcia,2019-02-18T06:51:05Z,5,3
4543,John Pérez Wilson,2019-05-26T19:49:44Z,3,3
4544,Sergio Garcia Díaz,2020-08-20T07:25:10Z,2,5
4545,David Brown Davis,2018-12-13T10:55:43Z,4,1
4546,Isabel Brown Garcia,2019-08-03T00:49:19Z,2,2
4547,Christopher Díaz Davis,2020-12-17T13:26:04Z,3,3
4548,Raquel Johnson Jones,2019-09-08T11:38:33Z,4,3
4549,Laura Morales Brown,2019-12-10T21:28:06Z,4,5
4550,Sergio Davis Sánchez,2018-08-05T15:05:16Z,4,3
4551,Carlos Sánchez Rodríguez,2020-07-11T08:10:44Z,2,5
4552,Adrián Díaz Johnson,2019-12-01T01:26:34Z,2,5
4553,Elena Sanchez Brown,2019-10-04T01:37:55Z,4,3
4554,Sophia González Sanchez,2019-03-15T18:19:54Z,3,3
4555,Carlos Miller Davis,2019-02-05T02:53:55Z,1,3
4556,Carlos Morales Smith,2019-05-29T00:31:58Z,4,1
4557,María Sánchez Díaz,2020-02-17T07:13:05Z,3,4
4558,Emily Garcia Garcia,2020-08-29T10:57:50Z,3,4
4559,Ana Morales Martínez,2019-08-30T10:08:09Z,3,5
4560,Carlos Garcia Martínez,2020-02-05T07:31:50Z,4,1
4561,Daniel Romero Sánchez,2019-11-13T22:28:37Z,4,1
4562,Javier Garcia Martinez,2019-12-22T21:41:01Z,1,2
4563,Raquel Díaz López,2020-02-10T16:32:13Z,3,2
4564,Sophia Garcia Sanchez,2020-07-27T08:13:05Z,2,4
4565,Elena Davis Sanchez,2018-06-29T04:40:46Z,5,1
4566,Luisa Martinez Jones,2020-05-09T16:23:16Z,5,3
4567,David Wilson Rodríguez,2018-12-06T15:59:34Z,3,5
4568,Adrián Díaz Martinez,2018-10-18T05:21:03Z,5,2
4569,John Sánchez González,2019-10-31T10:58:00Z,5,3
4570,Emily Moore Romero,2018-07-11T17:06:01Z,4,5
4571,María Davis Johnson,2020-09-08T07:50:36Z,4,1
4572,Sergio Smith Gómez,2019-12-25T05:58:30Z,1,2
4573,Luisa Pérez Sánchez,2020-03-30T09:59:32Z,3,2
4574,Luisa Jones Wilson,2018-04-23T03:06:03Z,5,4
4575,María Davis Brown,2019-11-22T10:21:53Z,4,2
4576,Laura Johnson Martinez,2019-10-15T18:50:40Z,5,1
4577,Miguel Moore Miller,2018-09-12T23:01:53Z,5,4
4578,John Wilson Garcia,2018-09-07T01:41:32Z,2,5
4579,Elena Brown Díaz,2020-03-02T12:42:30Z,3,2
4580,Adrián Gómez Miller,2019-02-19T18:23:38Z,4,4
4581,Christopher Rodríguez Pérez,2020-02-27T23:17:12Z,4,1
4582,Sophia Martínez Sánchez,2019-10-13T09:11:52Z,2,1
4583,Emily Sánchez Romero,2019-04-30T22:48:49Z,4,3
4584,Luisa Jones Díaz,2020-10-18T03:10:46Z,2,4
4585,Isabel Smith Smith,2020-07-26T16:04:46Z,3,5
4586,Jorge Sánchez Miller,2019-03-30T09:32:29Z,1,1
4587,Raquel Martínez Brown,2018-05-20T14:11:42Z,5,1
4588,Carlos Jones Rodríguez,2019-02-05T18:26:01Z,1,3
4589,Daniel López Davis,2019-05-10T04:27:22Z,2,4
4590,Alejandro Fernández Rodríguez,2020-03-11T23:00:42Z,5,5
4591,Miguel Jones Smith,2020-12-27T08:36:11Z,5,2
4592,Raquel Garcia Díaz,2019-03-28T21:57:24Z,3,3
4593,David López Díaz,2020-05-08T13:08:50Z,5,1
4594,Jorge López Sánchez,2019-11-21T04:14:44Z,5,2
4595,Laura Rodríguez Gómez,2020-02-27T16:50:34Z,2,4
4596,Alejandro Wilson Pérez,2018-09-05T03:03:31Z,2,3
4597,Alejandro Díaz Martinez,2019-05-10T21:01:51Z,2,5
4598,Miguel López Pérez,2018-12-03T20:32:29Z,5,1
4599,Daniel Miller Gómez,2019-03-16T10:56:39Z,3,1
4600,Alejandro Díaz Romero,2019-09-02T03:04:32Z,2,5
4601,Sofía Martinez López,2020-02-02T14:59:20Z,5,1
4602,David Brown Moore,2018-07-21T21:48:13Z,2,2
4603,Raquel Fernández Rodríguez,2018-08-15T21:28:43Z,3,4
4604,Adrián Sanchez Martinez,2019-02-22T23:32:04Z,5,1
4605,Sophia Gómez Wilson,2020-01-28T13:32:38Z,2,3
4606,John Martínez Pérez,2020-07-31T12:08:57Z,3,2
4607,Carlos Morales Gómez,2019-10-12T06:10:34Z,2,3
4608,John Johnson Díaz,2020-08-08T10:51:34Z,1,4
4609,Carlos Smith González,2019-04-26T20:06:26Z,5,4
4610,Miguel Sanchez Romero,2019-02-17T18:54:33Z,4,1
4611,Carmen Johnson Fernández,2019-03-27T06:21:07Z,5,1
4612,Isabel Rodríguez López,2018-09-25T01:57:49Z,1,1
4613,David Morales Díaz,2020-07-14T02:42:10Z,4,2
4614,David Sanchez Garcia,2019-03-11T16:06:00Z,4,3
4615,Luisa Davis Wilson,2019-10-11T08:52:53Z,2,5
4616,Jane Garcia Gómez,2019-11-06T13:14:06Z,4,2
4617,John Moore Martinez,2019-09-10T12:47:35Z,5,5
4618,David Martínez Morales,2018-04-09T16:30:48Z,3,5
4619,Jorge Díaz Sanchez,2020-12-20T08:17:23Z,1,5
4620,Miguel Miller Jones,2020-09-28T08:11:51Z,2,1
4621,Laura Davis López,2018-10-31T15:15:38Z,3,5
4622,Carlos Miller Romero,2019-01-24T11:44:44Z,4,3
4623,Adrián Pérez Garcia,2019-09-09T00:14:36Z,2,1
4624,Carmen Garcia Wilson,2020-09-24T21:52:21Z,2,3
4625,Christopher Wilson Rodríguez,2020-12-15T15:08:27Z,1,4
4626,Christopher Martinez Martínez,2018-12-20T13:00:34Z,1,3
4627,John Martínez Wilson,2019-10-23T08:37:00Z,2,5
4628,Javier Rodríguez Martínez,2020-06-21T23:14:53Z,2,4
4629,Emily Díaz Johnson,2019-05-06T08:52:52Z,4,5
4630,Miguel Martínez Morales,2020-04-07T01:45:09Z,4,2
4631,David Pérez Martínez,2018-09-15T01:39:22Z,5,5
4632,Sofía Johnson Rodríguez,2019-11-28T16:45:55Z,2,4
4633,Laura Sanchez Sánchez,2020-08-19T20:44:48Z,4,5
4634,Christopher Fernández Martinez,2020-12-15T12:31:06Z,1,4
4635,Isabel Miller Miller,2018-06-25T08:46:44Z,5,2
4636,Sergio Sanchez Martinez,2019-06-09T08:20:04Z,3,5
4637,Natalia Johnson Davis,2018-10-28T13:01:42Z,5,4
4638,Jane Davis Fernández,2019-07-01T15:16:32Z,1,4
4639,Raquel Johnson Garcia,2019-10-06T18:19:32Z,2,4
4640,Sofía Davis Morales,2018-07-09T07:50:27Z,3,4
4641,John Smith Fernández,2019-01-28T20:39:30Z,5,5
4642,Christopher Miller Garcia,2020-10-20T14:01:17Z,4,1
4643,John Martínez Martínez,2019-10-28T00:05:21Z,2,3
4644,Elena Sanchez Díaz,2019-07-08T09:53:16Z,2,4
4645,Sofía Pérez Sánchez,2020-04-29T12:37:24Z,5,1
4646,Luisa Sanchez Romero,2020-04-17T20:41:29Z,3,5
4647,Javier Garcia Brown,2018-05-25T13:53:48Z,3,2
4648,Isabel Fernández Martinez,2020-03-15T16:44:14Z,4,4
4649,Sofía Romero Morales,2020-07-24T05:50:24Z,1,1
4650,Daniel Morales Díaz,2018-09-19T22:30:33Z,1,1
4651,Adrián Martinez Miller,2020-05-26T23:57:01Z,4,2
4652,Sophia Davis Sánchez,2019-01-18T12:52:43Z,3,1
4653,Christopher Pérez Jones,2019-02-07T11:16:26Z,4,1
4654,Jane Gómez López,2020-02-01T06:16:29Z,5,3
4655,Sofía González Smith,2018-07-27T09:24:43Z,2,5
4656,Isabel Morales Smith,2020-01-31T20:56:18Z,5,2
4657,Miguel Morales González,2020-09-10T20:33:45Z,5,4
4658,David Sánchez Miller,2020-03-03T07:28:12Z,3,3
4659,Natalia López Sanchez,2019-06-21T07:52:08Z,2,4
4660,Isabel Johnson Gómez,2019-06-19T05:08:42Z,1,3
4661,Javier Johnson Rodríguez,2020-05-11T02:18:21Z,3,1
4662,María Wilson Brown,2019-10-24T15:24:28Z,3,2
4663,Laura Smith Fernández,2018-06-30T21:41:59Z,5,3
4664,John Díaz Romero,2019-11-10T16:06:21Z,2,1
4665,David Pérez González,2020-06-29T20:14:55Z,5,3
4666,Laura Rodríguez González,2019-03-10T01:35:35Z,5,5
4667,Carmen Morales Morales,2020-10-20T13:50:15Z,2,2
4668,María Wilson Moore,2020-04-26T17:12:28Z,3,5
4669,Luisa Rodríguez Fernández,2019-11-02T01:31:53Z,1,4
4670,Luisa Moore Brown,2020-04-27T15:27:19Z,3,5
4671,Jane López Sánchez,2018-06-25T03:34:30Z,3,1
4672,Miguel Sánchez López,2020-08-13T09:20:15Z,3,4
4673,Carmen Moore Sánchez,2020-07-06T12:05:54Z,2,4
4674,David Díaz Sánchez,2020-10-02T20:55:10Z,3,4
4675,David Díaz López,2018-08-13T15:08:55Z,2,2
4676,Elena Brown Moore,2018-06-27T18:43:19Z,2,4
4677,Carlos Sanchez Romero,2018-08-23T09:58:25Z,1,5
4678,Emily Miller Romero,2019-05-11T09:05:20Z,5,4
4679,María Gómez Brown,2019-06-05T07:21:52Z,2,2
4680,Raquel Jones Díaz,2019-10-21T05:14:27Z,1,3
4681,Jane Romero Díaz,2018-08-07T05:50:42Z,5,2
4682,Sophia Davis Brown,2018-10-25T09:35:16Z,2,2
4683,María Sánchez Morales,2020-06-26T15:27:50Z,4,5
4684,Jorge Martinez Garcia,2019-07-18T23:42:05Z,5,3
4685,Christopher Díaz Díaz,2020-06-22T22:31:00Z,5,1
4686,John Miller Brown,2018-04-14T10:13:59Z,3,4
4687,Sofía López Morales,2019-10-10T14:13:30Z,5,4
4688,José Johnson Johnson,2020-10-24T22:22:16Z,4,5
4689,David Brown Smith,2019-11-10T04:12:39Z,1,1
4690,David Rodríguez Moore,2018-10-30T02:17:50Z,3,3
4691,María Martínez Martínez,2020-03-24T18:10:52Z,1,2
4692,María Rodríguez Fernández,2019-04-20T23:39:37Z,2,4
4693,Daniel Wilson González,2020-02-04T09:12:52Z,5,3
4694,Daniel Fernández González,2018-05-06T07:40:24Z,1,5
4695,Javier Martinez González,2020-01-02T21:36:30Z,3,2
4696,Jorge Romero Martinez,2018-05-09T04:45:01Z,1,5
4697,Sofía Martinez Miller,2020-04-20T18:44:07Z,1,2
4698,Isabel Fernández Miller,2019-07-23T21:54:42Z,1,2
4699,Christopher Sánchez Smith,2018-08-06T18:06:16Z,2,4
4700,Sophia Fernández Romero,2019-10-01T15:15:43Z,3,5
4701,Sergio Martinez Gómez,2018-06-12T18:35:11Z,2,3
4702,Isabel Rodríguez Miller,2020-01-20T08:45:24Z,3,3
4703,Sofía Martinez Wilson,2020-12-28T02:04:17Z,5,4
4704,John Martínez Gómez,2020-05-15T09:32:09Z,4,1
4705,Javier Garcia Wilson,2019-11-01T18:34:42Z,2,2
4706,Ana Díaz Moore,2018-07-18T15:14:46Z,2,2
4707,José Martinez Pérez,2020-03-06T20:01:03Z,4,3
4708,Carlos Díaz Brown,2020-01-28T04:01:43Z,4,3
4709,Carmen Gómez González,2018-05-26T02:19:52Z,3,1
4710,Laura Rodríguez Davis,2020-06-07T07:10:58Z,3,5
4711,David Smith Garcia,2019-09-07T17:11:52Z,1,1
4712,Emily Martínez Pérez,2019-06-06T20:49:28Z,1,5
4713,Laura Pérez Pérez,2020-06-03T04:29:31Z,5,5
4714,Luisa Romero González,2019-05-23T13:39:40Z,4,4
4715,Jorge Martinez Brown,2019-08-01T00:37:49Z,4,4
4716,Alejandro Díaz Morales,2018-10-05T15:05:31Z,5,5
4717,María Miller Brown,2019-02-22T07:39:12Z,3,5
4718,Miguel Garcia López,2020-07-30T12:47:30Z,1,5
4719,Luisa Davis Romero,2018-10-10T21:41:23Z,1,1
4720,Sophia Martinez Miller,2019-05-29T06:59:07Z,3,4
4721,Christopher Martinez Rodríguez,2020-12-21T00:49:40Z,4,1
4722,Ana Martinez Johnson,2018-11-29T14:23:43Z,1,4
4723,Jorge Miller Fernández,2020-10-09T19:58:32Z,4,2
4724,Carlos Rodríguez Sánchez,2020-10-11T09:32:20Z,5,2
4725,Jorge Wilson Díaz,2018-07-07T07:06:43Z,1,3
4726,Luisa Jones Brown,2019-07-14T15:39:54Z,5,4
4727,Laura Martinez López,2019-08-22T05:11:30Z,4,4
4728,Laura Rodríguez López,2019-02-14T16:03:16Z,4,5
4729,Sophia Romero Jones,2018-05-24T08:08:55Z,5,3
4730,Carlos Moore Romero,2018-12-04T16:27:18Z,4,2
4731,David Johnson Sanchez,2018-07-11T12:42:40Z,2,2
4732,Daniel Garcia López,2018-12-01T05:59:51Z,1,1
4733,Natalia Garcia Jones,2020-06-22T18:59:09Z,4,2
4734,Sergio Brown Martínez,2020-09-17T23:28:43Z,3,1
4735,Christopher Martinez Morales,2018-05-20T05:20:57Z,3,1
4736,John Jones Pérez,2019-02-02T22:43:26Z,5,1
4737,David Johnson Jones,2020-12-12T13:58:20Z,3,2
4738,José Sánchez Garcia,2019-09-28T12:06:56Z,4,4
4739,Ana Brown Jones,2019-12-24T07:25:28Z,4,5
4740,Laura Martinez Fernández,2018-04-12T13:05:23Z,5,5
4741,Emily Díaz Moore,2019-08-04T21:49:35Z,1,1
4742,Javier Díaz Davis,2020-12-20T07:53:04Z,1,4
4743,Laura Miller Davis,2019-04-17T04:27:09Z,1,3
4744,Adrián Morales Fernández,2018-07-13T00:54:56Z,4,2
4745,Natalia Sanchez Johnson,2019-07-12T21:48:36Z,3,2
4746,Daniel Miller Martinez,2020-11-25T00:06:24Z,5,5
4747,María Sánchez Smith,2019-03-14T19:56:04Z,2,1
4748,Alejandro Brown Martínez,2020-06-13T22:08:43Z,4,4
4749,David Johnson Moore,2020-06-13T20:18:42Z,4,4
4750,Miguel Miller Morales,2018-11-01T05:57:32Z,5,2
4751,José Gómez Wilson,2019-06-24T08:49:28Z,3,4
4752,Carmen Smith Johnson,2020-03-22T14:25:49Z,2,4
4753,Sofía Fernández Garcia,2019-05-22T12:28:29Z,3,2
4754,Ana Miller Brown,2018-10-15T00:10:00Z,2,4
4755,María Díaz Fernández,2020-11-29T11:51:47Z,3,4
4756,Laura Sánchez Rodríguez,2020-01-17T18:00:31Z,1,5
4757,Sofía González Díaz,2020-08-19T11:02:10Z,1,2
4758,Ana Jones López,2018-05-02T05:48:59Z,2,1
4759,Sofía Moore Garcia,2018-12-29T21:44:22Z,4,1
4760,Sophia Garcia Gómez,2019-08-22T01:42:22Z,1,5
4761,Natalia Martínez Sanchez,2018-06-13T10:46:02Z,5,2
4762,Isabel Wilson Brown,2020-12-25T00:47:52Z,5,5
4763,Sophia Garcia Sanchez,2018-11-29T11:05:50Z,3,1
4764,Ana Gómez López,2019-04-16T07:00:44Z,1,2
4765,José Wilson Martínez,2018-11-07T00:17:09Z,4,2
4766,Raquel Jones Johnson,2018-07-21T10:42:02Z,3,5
4767,Alejandro Romero Pérez,2018-11-25T11:30:53Z,5,2
4768,Adrián Fernández Miller,2019-02-01T14:38:35Z,3,2
4769,José González Fernández,2020-01-01T10:36:51Z,2,4
4770,Carmen Martinez Smith,2019-01-13T05:38:04Z,3,1
4771,Natalia Díaz Fernández,2019-04-04T06:38:31Z,3,3
4772,Adrián Martinez Sanchez,2018-04-12T22:37:41Z,4,5
4773,Luisa Garcia Romero,2019-04-07T17:15:32Z,1,4
4774,John Martinez Brown,2019-09-22T21:15:48Z,5,2
4775,Carlos Díaz Wilson,2018-09-16T00:22:48Z,3,3
4776,Daniel López Fernández,2019-11-25T10:23:39Z,1,2
4777,Jorge González Romero,2019-01-25T03:39:32Z,5,3
4778,Luisa Sanchez Sánchez,2019-12-30T01:12:42Z,4,5
4779,David Pérez Díaz,2018-05-03T04:43:06Z,3,5
4780,Sophia Martinez González,2020-09-10T14:14:34Z,1,2
4781,Jorge Romero Fernández,2018-04-23T02:50:49Z,3,1
4782,Carmen Smith Smith,2018-08-11T22:59:33Z,2,2
4783,Emily Martinez Davis,2020-05-23T03:53:55Z,1,3
4784,Laura Díaz Martínez,2018-05-22T21:29:08Z,3,4
4785,Miguel Johnson Díaz,2020-03-17T23:58:06Z,2,1
4786,Elena Martinez Rodríguez,2020-12-03T01:06:25Z,3,3
4787,María Rodríguez Sánchez,2020-08-25T16:23:24Z,3,1
4788,Laura Pérez Fernández,2020-03-17T03:52:45Z,3,1
4789,José Moore Jones,2020-11-20T12:14:00Z,5,5
4790,José Martínez Morales,2019-06-10T19:31:11Z,3,1
4791,Sofía Jones Romero,2020-08-26T21:05:37Z,5,5
4792,Laura Smith Morales,2019-03-28T22:59:02Z,3,4
4793,Carlos Pérez Wilson,2020-10-22T18:19:38Z,5,1
4794,Christopher Johnson Garcia,2018-09-02T18:39:49Z,3,4
4795,Daniel Moore Sánchez,2020-11-02T00:41:45Z,2,2
4796,Sergio Fernández Romero,2020-07-17T17:11:18Z,4,1
4797,María González Sanchez,2020-07-31T01:18:57Z,4,1
4798,Raquel Sanchez Díaz,2018-08-08T22:09:07Z,1,3
4799,Elena Martínez Pérez,2019-11-24T11:41:07Z,3,2
4800,Adrián Rodríguez Martinez,2018-04-23T09:25:10Z,1,1
4801,Alejandro Rodríguez Martinez,2020-03-28T04:25:28Z,2,2
4802,Raquel Martinez Gómez,2018-04-14T17:42:01Z,5,2
4803,Carlos Fernández López,2018-06-30T19:44:04Z,3,5
4804,Miguel Brown Pérez,2018-11-18T11:57:42Z,2,1
4805,Christopher Moore Sanchez,2020-08-29T02:59:18Z,1,3
4806,David Moore Rodríguez,2019-04-05T13:49:53Z,3,4
4807,Emily Morales Garcia,2019-09-28T23:02:17Z,4,1
4808,Sergio Wilson Fernández,2019-10-27T02:28:37Z,2,5
4809,John Díaz Morales,2018-11-18T11:07:14Z,3,2
4810,Sergio Morales Smith,2019-10-31T03:31:20Z,2,1
4811,John Davis Morales,2020-01-27T22:50:34Z,3,3
4812,Carmen Rodríguez Martinez,2019-01-30T05:53:21Z,1,4
4813,Ana Wilson Moore,2019-05-30T15:02:40Z,3,5
4814,Natalia Rodríguez Wilson,2019-07-04T02:08:02Z,4,1
4815,Isabel Smith Pérez,2020-10-25T08:24:56Z,2,1
4816,Emily Rodríguez Martínez,2019-11-15T11:50:59Z,1,1
4817,Jane Romero López,2020-11-10T06:03:23Z,2,1
4818,David Moore Romero,2019-10-15T00:50:02Z,2,2
4819,Miguel Brown González,2019-08-20T13:28:26Z,1,1
4820,John Miller Rodríguez,2018-04-10T12:46:23Z,5,2
4821,Jane Gómez Moore,2019-07-31T21:20:12Z,3,5
4822,Jane Romero Martínez,2020-10-20T10:55:10Z,3,5
4823,Jane Sánchez Martínez,2018-10-22T08:46:35Z,4,1
4824,Isabel Sanchez López,2018-05-29T02:11:13Z,3,2
4825,Javier Jones Martinez,2019-05-18T18:41:35Z,4,2
4826,Sergio Jones Fernández,2019-04-14T09:30:55Z,5,2
4827,Daniel López Moore,2020-08-11T03:40:23Z,3,5
4828,David Martínez Johnson,2018-05-03T14:40:00Z,3,5
4829,Alejandro Miller Gómez,2020-10-13T03:34:52Z,1,4
4830,Christopher Rodríguez Romero,2020-02-16T21:40:18Z,4,5
4831,Laura Martinez Rodríguez,2020-09-27T05:25:24Z,4,3
4832,Sophia Pérez Díaz,2019-12-05T12:41:51Z,1,1
4833,Jane Smith Pérez,2020-06-26T22:52:45Z,3,1
4834,Carmen Wilson Davis,2019-03-08T13:03:10Z,2,5
4835,José Brown Gómez,2019-03-22T13:35:21Z,3,2
4836,Adrián Johnson Martínez,2019-05-01T20:58:53Z,1,1
4837,Jane Garcia López,2020-04-30T19:07:47Z,3,5
4838,Emily Johnson Wilson,2019-04-11T06:59:17Z,3,4
4839,Miguel Moore Díaz,2018-12-05T05:16:31Z,1,3
4840,Raquel Davis López,2020-10-30T16:02:25Z,5,3
4841,Alejandro Martinez Gómez,2020-10-01T00:15:56Z,5,4
4842,Ana Martinez Rodríguez,2019-03-21T19:08:07Z,1,5
4843,Jane González Moore,2020-01-01T15:18:48Z,4,1
4844,John Sánchez Brown,2019-01-05T20:12:46Z,3,5
4845,Natalia Morales Sanchez,2018-10-30T02:45:46Z,3,5
4846,José Gómez Romero,2019-03-09T08:08:54Z,5,3
4847,Carmen Sanchez Romero,2019-02-28T02:23:50Z,4,4
4848,Javier Martínez Sánchez,2020-09-05T06:37:34Z,4,3
4849,Jane Martinez Martínez,2020-07-07T07:17:28Z,5,2
4850,Laura Jones López,2020-03-16T14:57:26Z,5,3
4851,José Sánchez Martinez,2020-11-21T08:17:06Z,3,5
4852,David Moore Smith,2019-06-03T13:02:25Z,2,4
4853,Emily Sánchez González,2018-12-08T00:47:34Z,1,4
4854,David Johnson López,2018-08-02T09:33:44Z,3,1
4855,David Martínez Martinez,2019-02-02T01:16:49Z,3,2
4856,Carmen Johnson Martinez,2018-08-30T06:19:46Z,3,2
4857,Javier Jones Smith,2018-07-08T04:27:58Z,2,2
4858,Luisa Johnson Garcia,2019-11-30T22:22:21Z,1,5
4859,Carlos Garcia Romero,2019-04-06T04:29:55Z,3,1
4860,Elena Miller Gómez,2019-10-23T13:41:17Z,3,2
4861,Alejandro Sánchez Gómez,2018-10-15T08:03:26Z,5,1
4862,Adrián Martinez Smith,2020-02-12T21:44:25Z,5,3
4863,John Pérez Sánchez,2018-11-08T12:07:50Z,3,2
4864,David Garcia Martínez,2019-01-10T00:33:58Z,3,3
4865,David Sanchez Wilson,2020-04-17T18:14:59Z,4,1
4866,Adrián Pérez Sanchez,2019-10-18T17:42:33Z,5,4
4867,John Sánchez Brown,2019-03-07T20:04:25Z,4,4
4868,Christopher Martínez Miller,2019-10-01T23:43:50Z,1,4
4869,Sofía Martinez Martinez,2020-02-29T23:37:57Z,2,3
4870,Elena Díaz Gómez,2020-10-05T03:10:14Z,4,5
4871,Jorge González Sanchez,2019-11-08T17:07:01Z,1,4
4872,Adrián Gómez Moore,2018-11-25T16:28:22Z,4,5
4873,Emily Martinez Johnson,2020-04-22T16:44:34Z,1,4
4874,Alejandro Martínez Fernández,2020-05-23T18:27:22Z,4,3
4875,Christopher Romero Fernández,2018-10-24T09:37:53Z,2,3
4876,Miguel Moore Morales,2020-07-05T13:46:51Z,1,2
4877,David Moore Moore,2019-07-15T22:26:10Z,3,3
4878,Isabel Romero Sánchez,2020-05-25T18:23:58Z,4,3
4879,José Garcia Martinez,2018-11-30T11:28:37Z,3,2
4880,Adrián Martinez Johnson,2019-03-05T13:55:34Z,1,4
4881,María Moore Gómez,2020-11-15T16:43:50Z,5,3
4882,Natalia Johnson Pérez,2020-01-24T19:33:41Z,1,3
4883,Carmen Fernández Fernández,2020-05-18T21:04:03Z,5,5
4884,Emily Sánchez Brown,2020-02-24T08:59:02Z,2,1
4885,Christopher Miller Miller,2018-10-28T07:17:55Z,2,3
4886,Jane Morales Wilson,2019-07-21T16:31:47Z,3,1
4887,Jane Smith González,2020-06-23T23:07:57Z,4,4
4888,Jane Sanchez Smith,2020-02-11T00:50:34Z,3,2
4889,Luisa Díaz Garcia,2018-04-13T00:40:09Z,3,4
4890,Elena Garcia Romero,2018-07-03T09:47:08Z,1,5
4891,David Wilson Díaz,2019-03-19T19:04:23Z,5,3
4892,José Sánchez Wilson,2020-11-06T08:46:21Z,1,4
4893,Alejandro López Gómez,2019-08-11T04:34:17Z,3,2
4894,John López Morales,2019-01-02T04:13:49Z,2,1
4895,Raquel Morales Gómez,2019-04-02T10:10:09Z,1,4
4896,Natalia Fernández Smith,2018-11-03T15:39:46Z,1,5
4897,Raquel Martínez Moore,2019-06-02T04:48:04Z,4,3
4898,José Martinez Garcia,2018-11-11T00:51:01Z,5,3
4899,Raquel López Morales,2020-07-30T18:03:35Z,4,5
4900,Miguel Brown Rodríguez,2019-07-07T06:29:39Z,4,5
4901,David Davis Díaz,2019-01-11T19:14:54Z,1,1
4902,Javier Smith Rodríguez,2020-10-25T21:23:57Z,4,3
4903,Carmen Pérez Rodríguez,2019-02-15T08:25:56Z,1,1
4904,Raquel Gómez López,2020-10-02T17:09:05Z,3,1
4905,José Sánchez Sanchez,2018-05-20T10:02:03Z,4,4
4906,Laura Martinez Fernández,2020-03-14T02:45:40Z,2,2
4907,Miguel Wilson Garcia,2019-08-03T21:20:12Z,4,2
4908,Luisa Miller Fernández,2019-06-25T05:18:19Z,1,4
4909,Christopher Miller Sánchez,2018-05-13T07:45:36Z,1,1
4910,Isabel Wilson Moore,2018-05-17T16:23:47Z,1,4
4911,David Miller Gómez,2019-03-05T18:05:12Z,1,2
4912,Sofía Pérez Martinez,2020-11-09T02:52:07Z,3,4
4913,Alejandro Sanchez López,2019-12-15T15:50:21Z,3,3
4914,Adrián Jones López,2019-04-10T20:59:45Z,3,4
4915,David Martínez Fernández,2019-12-09T23:26:55Z,3,1
4916,Ana Davis Sánchez,2018-10-30T03:09:24Z,1,1
4917,David Davis Jones,2018-09-19T01:35:40Z,2,1
4918,Laura Rodríguez Martínez,2019-04-03T19:36:51Z,2,1
4919,Jorge Brown Romero,2020-08-17T08:28:48Z,3,5
4920,Isabel Smith Fernández,2019-08-29T09:38:28Z,4,3
4921,Luisa Garcia Brown,2019-01-28T21:38:10Z,2,4
4922,David Moore Romero,2020-11-12T06:02:19Z,4,4
4923,Emily Moore Díaz,2020-06-30T23:11:09Z,4,3
4924,Sergio Johnson Johnson,2019-02-23T23:22:28Z,4,4
4925,Isabel Pérez Moore,2020-12-04T02:21:27Z,2,2
4926,José Díaz Jones,2020-12-19T08:25:33Z,5,4
4927,Ana Moore Martinez,2019-05-20T15:50:35Z,2,2
4928,Sofía Johnson Miller,2020-01-22T22:09:15Z,5,3
4929,Jorge Sanchez Sanchez,2019-05-17T15:40:35Z,5,5
4930,Carmen Miller Martinez,2018-12-20T08:21:16Z,1,2
4931,Carmen Gómez Gómez,2018-06-28T15:39:51Z,4,4
4932,Adrián Sánchez González,2018-12-26T14:38:53Z,4,4
4933,David Rodríguez Johnson,2019-01-03T11:30:59Z,3,2
4934,Adrián López Pérez,2019-05-10T15:20:16Z,1,4
4935,Jane Brown Fernández,2018-10-08T21:15:52Z,5,5
4936,Daniel Garcia Morales,2020-11-15T19:38:29Z,5,5
4937,Adrián Jones Johnson,2018-07-18T21:07:01Z,4,3
4938,Raquel Jones Garcia,2019-12-23T05:00:16Z,2,1
4939,John Smith Martinez,2019-06-22T16:44:13Z,4,5
4940,Isabel Brown Morales,2019-06-04T12:25:59Z,5,2
4941,Carlos Díaz Sánchez,2019-04-13T23:48:09Z,4,4
4942,Adrián Davis Martinez,2020-08-22T07:33:10Z,2,1
4943,Emily Moore Brown,2019-01-12T11:26:50Z,4,2
4944,Isabel Morales López,2018-04-27T13:49:39Z,5,1
4945,Elena Romero Fernández,2020-10-11T02:19:41Z,3,1
4946,Carmen González Gómez,2020-08-18T11:31:35Z,5,1
4947,María Wilson Rodríguez,2019-01-08T21:38:34Z,4,5
4948,José Johnson Martínez,2019-09-12T11:42:03Z,3,4
4949,Christopher Martínez Pérez,2018-07-25T02:07:00Z,5,1
4950,Jane Jones Morales,2018-07-09T10:14:58Z,2,1
4951,Carmen Jones Sánchez,2020-07-22T11:11:10Z,2,3
4952,Jorge Romero Morales,2019-05-22T06:22:37Z,5,4
4953,Jane Jones Gómez,2020-01-28T17:11:48Z,2,5
4954,Adrián Rodríguez Garcia,2020-11-05T04:48:47Z,3,4
4955,David González Martínez,2018-12-08T03:08:02Z,1,5
4956,Carmen Brown Martinez,2018-04-20T03:50:09Z,5,1
4957,Sophia Fernández Martinez,2018-05-01T03:33:42Z,4,4
4958,Laura Morales Martinez,2020-03-16T09:15:23Z,5,5
4959,Ana Rodríguez Garcia,2020-10-17T13:14:41Z,5,4
4960,Carmen Brown Moore,2019-07-18T07:55:35Z,2,2
4961,Adrián Gómez Johnson,2019-04-17T02:37:10Z,2,4
4962,Sophia Wilson Jones,2019-10-01T20:39:00Z,4,3
4963,Carlos Sánchez Smith,2020-08-12T22:00:13Z,3,3
4964,Carlos Morales Romero,2020-01-19T03:41:34Z,3,5
4965,Carlos Díaz Davis,2018-11-25T23:31:02Z,5,3
4966,José Johnson Johnson,2020-05-20T13:55:28Z,2,5
4967,David Rodríguez Martínez,2018-08-19T14:43:26Z,3,1
4968,Natalia Rodríguez Díaz,2018-09-19T13:26:21Z,1,5
4969,Luisa Miller Pérez,2019-12-10T16:22:28Z,2,4
4970,Miguel Martinez Davis,2018-12-01T18:48:06Z,3,4
4971,David Rodríguez Davis,2020-03-11T18:41:05Z,2,2
4972,María Smith Fernández,2019-03-22T12:26:40Z,3,1
4973,John Gómez Sánchez,2019-01-09T10:10:29Z,2,3
4974,Luisa Miller Gómez,2020-12-30T22:02:29Z,5,3
4975,Raquel González Sánchez,2018-05-17T14:47:13Z,3,1
4976,Jane Jones Romero,2020-01-12T19:44:25Z,3,4
4977,Carmen Davis Fernández,2018-05-15T16:47:24Z,2,5
4978,Emily Jones Rodríguez,2020-05-06T05:02:45Z,5,2
4979,Sophia Smith Miller,2018-11-23T02:09:32Z,5,4
4980,Jane Brown Martinez,2018-07-05T19:57:53Z,4,4
4981,Raquel Díaz Morales,2020-01-15T10:47:34Z,4,5
4982,Elena González Wilson,2020-04-08T14:25:44Z,1,1
4983,David Fernández Martinez,2020-02-14T02:17:14Z,4,5
4984,Jorge Pérez Miller,2018-05-28T21:37:21Z,3,4
4985,Jane Martinez López,2019-01-26T07:21:59Z,2,4
4986,Elena González Wilson,2019-07-02T02:07:12Z,1,4
4987,Raquel Smith Rodríguez,2019-01-19T02:28:43Z,4,5
4988,María Jones Sánchez,2020-06-25T12:19:21Z,4,4
4989,Sophia Sánchez Romero,2018-08-16T02:45:44Z,1,4
4990,José Díaz Sánchez,2019-12-10T04:18:16Z,4,2
4991,Laura López Wilson,2020-12-20T05:09:30Z,4,2
4992,Miguel Martinez Fernández,2020-09-25T13:21:24Z,4,4
4993,John Brown Jones,2018-11-15T03:46:09Z,1,2
4994,Ana Martinez González,2018-04-07T01:57:55Z,3,2
4995,Raquel Moore Sánchez,2020-12-12T14:20:09Z,1,1
4996,María Sanchez González,2020-09-05T17:06:40Z,1,1
4997,María Gómez Moore,2020-10-12T11:20:20Z,4,3
4998,Ana Fernández Sánchez,2019-05-27T12:05:06Z,3,1
4999,Alejandro Sánchez Johnson,2020-04-20T14:46:15Z,2,5
5000,David Davis Moore,2018-11-05T19:57:21Z,5,2
5001,Miguel Brown Díaz,2019-05-04T07:17:51Z,2,3
5002,Daniel Martínez González,2020-08-05T13:09:10Z,4,2
5003,Carmen Gómez Sanchez,2018-08-12T14:41:36Z,2,3
5004,John Fernández Romero,2020-09-16T20:46:06Z,3,4
5005,Javier Fernández Davis,2019-08-16T12:11:28Z,3,1
5006,Sophia Smith Jones,2019-06-07T02:17:44Z,4,3
5007,Daniel Moore Jones,2019-02-06T15:30:47Z,3,2
5008,Sergio Wilson Davis,2020-10-09T20:22:14Z,4,3
5009,Elena Jones Morales,2019-09-06T14:57:46Z,4,2
5010,Laura Wilson Wilson,2020-06-19T00:37:57Z,1,5
5011,Miguel Morales Miller,2020-08-11T15:38:33Z,2,5
5012,Christopher López Martinez,2020-10-15T09:10:34Z,1,2
5013,Miguel Sanchez Díaz,2019-02-04T09:08:15Z,4,5
5014,Raquel Miller Sanchez,2019-03-12T19:27:37Z,5,3
5015,Laura Jones Díaz,2019-11-23T01:46:22Z,5,3
5016,Adrián Brown Wilson,2019-06-22T07:46:44Z,4,5
5017,Emily Gómez Martínez,2020-10-25T20:13:13Z,5,1
5018,Javier Garcia Pérez,2019-05-09T13:32:13Z,2,1
5019,Adrián Sanchez Fernández,2019-07-28T18:40:22Z,1,3
5020,John Romero Brown,2019-12-15T04:27:57Z,2,2
5021,Laura Johnson Gómez,2019-05-16T17:44:51Z,3,1
5022,Jorge Romero Brown,2020-12-24T11:28:55Z,1,3
5023,John Sánchez Brown,2018-07-14T20:25:50Z,1,5
5024,Carlos Brown Morales,2018-11-13T14:28:46Z,2,5
5025,Raquel Fernández Moore,2019-02-23T15:43:23Z,1,2
5026,Ana Sanchez Morales,2018-09-01T17:20:53Z,4,4
5027,Alejandro González Brown,2019-01-16T05:15:41Z,2,3
5028,Ana Rodríguez Morales,2020-05-25T05:53:12Z,5,5
5029,José Martinez Garcia,2019-09-11T21:24:28Z,2,4
5030,José Pérez Garcia,2018-05-10T22:53:14Z,5,3
5031,John Davis Moore,2020-12-14T14:56:30Z,2,2
5032,Isabel Romero Wilson,2019-12-14T00:09:19Z,4,1
5033,Carlos Johnson Johnson,2018-06-04T22:32:50Z,3,4
5034,Miguel Romero Johnson,2020-01-28T04:03:01Z,4,4
5035,Ana Garcia López,2019-04-20T08:51:53Z,4,4
5036,Adrián Pérez Sanchez,2018-08-20T16:09:32Z,3,1
5037,María Sánchez Sanchez,2019-10-22T15:57:00Z,5,1
5038,María Smith Johnson,2020-04-03T01:55:06Z,4,1
5039,Carmen Johnson Jones,2020-02-07T03:02:17Z,3,5
5040,José Fernández Moore,2018-12-10T12:18:56Z,3,2
5041,Daniel Brown Rodríguez,2019-09-13T20:47:21Z,2,5
5042,Alejandro Martinez Garcia,2019-09-26T15:55:21Z,1,1
5043,Miguel Romero Moore,2020-03-23T19:16:49Z,2,3
5044,John Wilson Miller,2019-04-01T20:48:58Z,1,2
5045,Adrián Romero Garcia,2020-06-12T17:34:55Z,4,5
5046,María Sánchez Díaz,2019-12-25T22:07:27Z,2,4
5047,Javier Fernández Pérez,2018-05-15T07:57:30Z,4,2
5048,Laura Garcia Rodríguez,2019-10-05T11:29:46Z,3,2
5049,Raquel Garcia Fernández,2020-08-15T21:53:24Z,2,2
5050,David Garcia Jones,2019-10-26T13:46:47Z,5,5
5051,David Fernández González,2018-09-29T19:52:41Z,3,4
5052,Ana Pérez Martinez,2019-08-30T09:01:57Z,5,4
5053,Christopher Sánchez Martínez,2020-05-02T22:41:59Z,5,5
5054,Adrián Fernández Díaz,2018-07-26T02:31:28Z,1,2
5055,Luisa Pérez Johnson,2020-07-02T02:22:39Z,5,4
5056,Laura Fernández Davis,2018-09-21T11:33:33Z,2,5
5057,Laura Rodríguez González,2019-09-23T01:50:08Z,4,4
5058,Sophia Brown Rodríguez,2019-04-27T17:50:36Z,5,2
5059,Laura González Garcia,2018-12-11T14:58:13Z,1,5
5060,Sergio Morales Johnson,2020-01-14T10:22:48Z,5,5
5061,Sofía Gómez Gómez,2018-05-14T09:24:38Z,4,5
5062,Carlos Davis Davis,2020-05-06T01:05:56Z,2,3
5063,Christopher López Wilson,2019-09-15T22:34:30Z,5,4
5064,Raquel Sanchez Smith,2020-08-29T18:30:31Z,3,4
5065,José López Martinez,2019-09-09T17:14:22Z,4,1
5066,Sofía Díaz Miller,2018-05-12T00:47:45Z,5,4
5067,Luisa Moore Fernández,2018-08-28T14:25:23Z,4,5
5068,Sophia Pérez Brown,2020-06-10T14:30:35Z,4,5
5069,Sergio Brown Sanchez,2019-08-11T23:25:30Z,4,5
5070,Emily López Díaz,2019-06-22T21:06:08Z,4,5
5071,Carmen Martinez Smith,2019-02-19T10:26:04Z,1,1
5072,José Sanchez Brown,2019-01-16T13:10:50Z,1,4
5073,David Rodríguez Wilson,2020-11-27T21:16:16Z,1,4
5074,José Sanchez Miller,2019-06-13T23:15:49Z,4,3
5075,Jorge Martinez Díaz,2020-09-07T00:04:21Z,2,4
5076,Ana González Moore,2020-01-15T03:54:53Z,3,3
5077,Jorge Jones Martinez,2020-08-12T10:15:47Z,1,2
5078,Raquel Martínez Morales,2020-08-06T10:47:19Z,4,5
5079,Isabel Martinez Gómez,2020-11-18T07:29:18Z,1,4
5080,Jorge Smith Gómez,2020-03-04T22:36:48Z,3,3
5081,Laura Rodríguez Morales,2020-06-20T09:31:34Z,1,4
5082,Natalia Johnson Pérez,2020-04-09T03:04:09Z,4,4
5083,Christopher Wilson López,2019-12-03T05:26:38Z,1,2
5084,Emily Sanchez Morales,2020-03-24T08:29:56Z,2,4
5085,Jorge Díaz Díaz,2020-03-22T18:00:34Z,4,2
5086,Isabel Gómez Johnson,2018-05-17T21:47:13Z,2,2
5087,John Davis Johnson,2019-09-05T02:39:35Z,5,5
5088,María Garcia Pérez,2020-06-07T15:37:56Z,5,2
5089,Daniel Garcia Fernández,2018-12-05T23:05:32Z,5,3
5090,Isabel Garcia Johnson,2019-07-16T03:33:05Z,3,3
5091,Jorge Romero Martinez,2019-06-15T23:39:24Z,1,2
5092,Javier Johnson Smith,2019-05-14T18:53:31Z,1,1
5093,Alejandro López Rodríguez,2018-08-06T20:08:55Z,4,2
5094,Adrián Davis Garcia,2019-09-14T17:04:36Z,2,1
5095,Christopher López Martínez,2019-06-27T05:57:38Z,2,4
5096,Isabel Sánchez Wilson,2020-01-30T09:25:33Z,4,1
5097,Luisa Pérez Martinez,2019-10-08T09:54:47Z,5,3
5098,Sophia Sánchez Garcia,2018-05-04T13:01:49Z,2,3
5099,Javier Sánchez Díaz,2018-05-08T22:01:54Z,1,2
5100,Laura Garcia Jones,2020-03-08T08:38:06Z,3,1
5101,Jane Sanchez Johnson,2020-03-14T13:56:47Z,2,2
5102,Miguel Gómez Sánchez,2020-11-21T22:32:20Z,1,2
5103,José Rodríguez Moore,2020-08-30T16:54:43Z,5,2
5104,Sergio Smith Morales,2019-07-19T01:25:54Z,3,2
5105,Daniel Fernández Romero,2019-12-23T21:45:21Z,5,3
5106,Jane Brown Díaz,2019-07-08T04:21:40Z,1,4
5107,Luisa Díaz Romero,2018-11-15T22:42:34Z,5,3
5108,Raquel Miller Martinez,2019-04-18T16:14:52Z,4,3
5109,Raquel Martinez Gómez,2018-07-19T21:13:17Z,1,3
5110,Isabel Miller López,2020-02-02T12:39:02Z,5,5
5111,José Jones Rodríguez,2018-10-16T00:43:24Z,4,2
5112,Natalia Martinez Garcia,2019-07-26T11:13:36Z,4,2
5113,Sofía Martinez Rodríguez,2020-11-29T10:28:41Z,5,5
5114,Laura Moore Johnson,2018-05-08T16:03:15Z,5,4
5115,Ana Martinez Smith,2018-09-05T17:31:07Z,4,3
5116,Jorge Martinez Fernández,2019-01-30T13:54:01Z,1,1
5117,Jane Rodríguez Martinez,2020-11-03T19:22:00Z,1,2
5118,Christopher Sánchez Brown,2020-10-01T20:12:10Z,5,1
5119,Christopher Sanchez Martínez,2018-09-16T00:01:12Z,3,3
5120,Ana Brown Garcia,2020-12-13T02:49:34Z,2,1
5121,Raquel Pérez Smith,2020-04-26T17:56:25Z,5,2
5122,David Gómez Fernández,2019-09-28T23:26:59Z,4,3
5123,David Brown Smith,2020-10-24T16:52:08Z,3,2
5124,Alejandro Jones Brown,2020-09-03T14:34:16Z,3,3
5125,Javier Garcia Martínez,2019-05-03T07:35:44Z,2,3
5126,Carmen Sánchez Pérez,2020-01-23T08:14:11Z,2,4
5127,Adrián Gómez Pérez,2020-01-14T09:14:35Z,3,3
5128,Laura Brown Moore,2019-02-27T23:14:10Z,1,4
5129,Daniel Martinez Romero,2018-10-03T09:21:50Z,4,3
5130,Ana López Romero,2019-07-17T19:26:12Z,5,2
5131,Raquel Morales Smith,2018-12-26T06:44:41Z,3,5
5132,María Pérez Díaz,2019-03-28T01:33:46Z,2,3
5133,John Johnson Díaz,2020-11-16T03:27:17Z,2,4
5134,Luisa Pérez Pérez,2019-07-12T03:18:31Z,2,2
5135,María Martinez Davis,2020-02-20T21:23:41Z,3,3
5136,Jorge Pérez Romero,2019-03-09T05:31:02Z,2,5
5137,Alejandro Fernández Díaz,2020-12-27T20:39:56Z,1,3
5138,Javier Brown Fernández,2020-01-25T18:25:20Z,1,5
5139,Laura Johnson Romero,2018-10-20T00:13:37Z,4,2
5140,Jorge Morales Fernández,2018-07-14T04:24:57Z,4,3
5141,Laura Martínez Jones,2020-11-05T04:20:00Z,1,5
5142,José Davis Smith,2020-11-06T18:40:03Z,3,1
5143,Natalia Sánchez Martinez,2019-12-19T07:52:51Z,4,3
5144,Jorge Sanchez Sanchez,2018-04-23T23:47:45Z,4,3
5145,Miguel Díaz Morales,2018-11-18T12:50:13Z,3,5
5146,Jorge Romero Jones,2020-06-16T06:38:33Z,4,5
5147,Jane Rodríguez Romero,2020-08-29T11:02:08Z,5,2
5148,Sofía Gómez Smith,2019-07-04T23:45:19Z,5,5
5149,Emily Jones Díaz,2019-04-07T12:29:41Z,1,1
5150,Raquel Rodríguez Martinez,2019-01-06T05:24:00Z,5,1
5151,John Sánchez Martínez,2018-08-01T23:17:32Z,5,2
5152,Laura Martinez Sánchez,2018-07-31T17:52:07Z,3,2
5153,José Díaz Smith,2020-11-14T14:27:52Z,4,5
5154,David Morales Martínez,2020-06-23T15:01:35Z,1,2
5155,Alejandro Rodríguez Romero,2018-09-18T18:42:16Z,2,1
5156,David Fernández López,2018-10-31T01:12:04Z,2,5
5157,Adrián Gómez Sanchez,2020-01-22T13:14:13Z,3,4
5158,Carlos Moore Garcia,2020-05-10T15:56:27Z,1,1
5159,Luisa Pérez Díaz,2020-06-25T07:33:21Z,5,3
5160,Christopher Martinez Martinez,2018-09-17T08:06:16Z,5,1
5161,Christopher Gómez Fernández,2020-12-16T03:04:43Z,2,2
5162,John Romero Martinez,2018-11-20T19:14:58Z,5,5
5163,Laura Romero Davis,2019-11-17T09:58:12Z,1,1
5164,Jorge Gómez Pérez,2019-11-15T14:46:40Z,5,3
5165,Isabel Martinez Martinez,2020-11-29T08:41:05Z,2,2
5166,David Miller Johnson,2020-01-24T16:01:06Z,5,3
5167,John Wilson Brown,2019-11-12T21:42:08Z,1,2
5168,María Smith Romero,2019-09-07T18:32:30Z,1,3
5169,Carmen Romero Brown,2020-05-10T15:46:50Z,5,3
5170,Adrián Moore Johnson,2018-07-22T01:19:34Z,4,4
5171,Natalia González Martinez,2018-04-09T02:12:20Z,3,1
5172,Carlos Martínez Johnson,2020-11-14T11:43:57Z,1,3
5173,Alejandro López Davis,2019-08-18T15:47:03Z,1,1
5174,David Garcia González,2019-03-01T08:02:56Z,2,5
5175,Daniel Wilson Fernández,2019-04-10T01:16:41Z,4,3
5176,John Moore Martinez,2020-06-18T20:14:21Z,2,3
5177,Luisa Jones Morales,2019-04-24T08:53:05Z,2,5
5178,María Díaz Johnson,2020-05-16T04:03:35Z,2,1
5179,Daniel Martinez Fernández,2019-06-21T11:05:16Z,4,1
5180,Adrián Martinez Wilson,2020-07-29T01:51:31Z,2,1
5181,Jorge Wilson Sánchez,2018-06-22T04:53:51Z,5,3
5182,José Miller Morales,2019-08-01T03:04:47Z,1,2
5183,Jane Sanchez Gómez,2019-07-17T20:23:34Z,3,4
5184,Carmen Smith Miller,2018-12-27T07:52:17Z,3,4
5185,Adrián Jones Pérez,2020-11-05T14:45:13Z,4,4
5186,Natalia Wilson Garcia,2020-09-28T00:40:57Z,4,3
5187,Luisa Brown Jones,2019-06-24T14:18:40Z,3,5
5188,John Gómez Pérez,2018-07-13T03:49:49Z,5,3
5189,Carlos Brown Jones,2018-10-30T18:47:43Z,1,4
5190,Adrián Martínez Wilson,2019-01-03T11:48:14Z,5,3
5191,Raquel Brown Jones,2019-08-04T05:16:27Z,3,1
5192,Luisa Rodríguez Romero,2019-03-11T09:03:02Z,3,5
5193,Carmen Pérez Johnson,2020-05-20T03:15:55Z,1,5
5194,Elena Martínez Martínez,2019-07-27T00:38:18Z,1,2
5195,María Smith Jones,2020-08-24T08:53:30Z,4,1
5196,Elena Pérez Fernández,2020-12-27T18:45:42Z,4,4
5197,Carmen Romero Smith,2018-11-12T20:03:45Z,5,2
5198,Jane Davis Martínez,2019-12-09T16:06:46Z,3,3
5199,Carmen Jones González,2020-08-01T12:03:18Z,5,2
5200,Miguel González Garcia,2020-11-07T05:40:44Z,4,4
5201,Daniel Díaz Wilson,2019-01-22T02:04:26Z,2,4
5202,Jorge Romero Pérez,2020-04-03T01:01:32Z,1,5
5203,Daniel Miller Martínez,2018-04-22T00:23:15Z,3,5
5204,Raquel Fernández Sánchez,2020-09-02T03:25:05Z,3,1
5205,Miguel Fernández Martinez,2018-06-09T22:31:30Z,2,1
5206,Jane Miller Wilson,2020-04-09T09:29:21Z,3,2
5207,Alejandro Rodríguez Morales,2020-12-26T14:38:56Z,3,1
5208,Sophia Brown Sanchez,2019-08-21T04:33:16Z,2,5
5209,Carlos Romero Martinez,2018-11-02T08:00:56Z,4,1
5210,Laura Rodríguez Martinez,2019-11-22T15:26:44Z,1,1
5211,Miguel Martínez Gómez,2019-12-22T03:35:57Z,4,5
5212,Sophia Miller Pérez,2020-02-04T01:44:43Z,2,1
5213,Sophia Pérez Sanchez,2018-09-26T14:40:54Z,5,3
5214,Raquel Gómez Rodríguez,2020-09-21T17:06:15Z,1,5
5215,José Sánchez Martinez,2019-12-18T23:47:33Z,5,3
5216,Adrián Johnson Sánchez,2018-05-20T13:38:56Z,3,5
5217,Adrián Fernández Jones,2020-02-20T00:59:07Z,1,3
5218,Javier Martínez Brown,2018-10-20T02:01:01Z,5,2
5219,Natalia Johnson Sanchez,2018-05-04T08:10:43Z,5,5
5220,Alejandro Rodríguez Garcia,2019-10-09T22:52:42Z,5,1
5221,Natalia Brown Miller,2020-06-28T07:31:37Z,3,4
5222,Raquel Gómez Smith,2020-08-13T22:35:14Z,1,3
5223,Natalia Martinez Davis,2018-07-19T12:30:07Z,4,5
5224,Isabel Pérez Sanchez,2020-01-30T01:01:36Z,3,3
5225,Sofía Smith Moore,2020-03-17T01:48:18Z,1,2
5226,Ana Martinez Miller,2019-01-26T12:24:27Z,5,3
5227,Emily Jones Sánchez,2020-12-03T08:44:08Z,2,2
5228,Natalia Jones González,2019-01-10T16:29:57Z,2,2
5229,Ana Miller Morales,2018-06-15T23:34:21Z,3,1
5230,Adrián Davis Gómez,2019-09-08T06:43:42Z,4,3
5231,Isabel Moore Wilson,2020-03-01T07:33:25Z,4,4
5232,Adrián Brown Jones,2018-12-07T15:50:05Z,1,5
5233,Daniel Gómez Jones,2019-03-11T13:58:21Z,2,2
5234,Carlos Johnson Martinez,2019-10-22T15:04:17Z,5,1
5235,Sophia Davis Brown,2020-09-09T16:16:32Z,4,3
5236,Sophia Sánchez Morales,2020-04-23T07:49:17Z,4,4
5237,Sofía Smith López,2018-11-02T14:12:25Z,2,2
5238,Sergio Romero Sanchez,2018-12-14T18:38:58Z,5,5
5239,Christopher Garcia Johnson,2019-09-12T21:08:11Z,1,3
5240,David Moore Sánchez,2020-05-14T23:00:30Z,1,3
5241,David Sánchez Morales,2019-12-16T18:16:57Z,1,3
5242,David Moore Martínez,2019-08-21T07:46:56Z,1,1
5243,Adrián Sánchez Gómez,2019-11-25T03:00:28Z,2,2
5244,David Rodríguez Moore,2020-05-02T01:26:25Z,1,5
5245,David López Moore,2019-09-26T01:54:53Z,2,5
5246,David Smith Sánchez,2020-09-20T18:03:56Z,4,4
5247,Natalia Johnson Moore,2020-11-09T01:37:10Z,2,1
5248,Sergio Jones Romero,2020-10-08T08:30:28Z,3,1
5249,Jorge González Martinez,2020-04-30T12:26:23Z,3,4
5250,Christopher Martinez López,2018-12-09T07:42:14Z,4,2
5251,Javier Sánchez Miller,2019-04-27T06:30:52Z,5,1
5252,Sophia Gómez Romero,2019-01-11T23:59:55Z,3,1
5253,Carlos Sanchez Sánchez,2020-01-24T15:50:44Z,2,4
5254,Raquel Pérez Martínez,2019-02-25T05:19:08Z,4,3
5255,John Garcia Pérez,2020-04-30T09:23:53Z,5,3
5256,Raquel Smith Gómez,2018-07-29T12:13:04Z,3,5
5257,Adrián Pérez López,2020-05-21T08:45:14Z,5,4
5258,Daniel Morales Brown,2019-11-13T21:38:50Z,1,3
5259,John Johnson Díaz,2020-07-20T09:19:41Z,1,3
5260,Sophia Rodríguez Moore,2019-06-11T21:00:55Z,1,3
5261,María Romero Fernández,2019-12-22T23:08:48Z,3,1
5262,Natalia González Sanchez,2019-10-13T09:53:27Z,5,5
5263,Adrián Martinez Martinez,2020-12-07T16:06:36Z,3,2
5264,Adrián Pérez Martínez,2020-05-01T11:23:06Z,5,4
5265,Ana Smith Wilson,2019-10-03T19:31:04Z,2,2
5266,Carmen Garcia Brown,2018-09-28T00:46:12Z,2,1
5267,María Brown Fernández,2020-09-27T02:44:27Z,3,3
5268,Javier Romero Johnson,2018-10-29T20:06:24Z,5,5
5269,David Miller González,2020-01-17T01:02:16Z,2,2
5270,Ana Smith Pérez,2020-10-29T11:19:27Z,5,2
5271,José Martinez González,2018-11-16T13:54:39Z,2,1
5272,Christopher Fernández González,2018-11-18T22:09:53Z,5,3
5273,Elena Wilson López,2020-08-05T19:39:13Z,3,2
5274,Adrián Johnson Morales,2020-07-12T15:43:13Z,3,2
5275,Elena Johnson Pérez,2019-03-24T16:52:49Z,4,2
5276,Luisa Martínez Davis,2018-12-28T02:18:39Z,2,1
5277,Daniel Wilson Rodríguez,2018-08-12T09:19:23Z,1,4
5278,Javier Gómez López,2020-12-19T22:27:58Z,4,3
5279,Sophia Martinez Díaz,2020-07-20T08:14:03Z,1,5
5280,Alejandro Gómez Miller,2020-09-22T09:23:53Z,2,1
5281,Emily Garcia Sánchez,2019-09-02T16:18:13Z,3,1
5282,Adrián Wilson Martínez,2018-07-30T09:14:09Z,1,2
5283,María Martinez Moore,2018-05-29T13:55:41Z,3,3
5284,Laura Martinez Davis,2019-03-03T13:58:13Z,4,5
5285,Isabel Pérez Martínez,2020-10-13T07:55:48Z,4,3
5286,José Romero Fernández,2020-11-09T13:57:49Z,3,1
5287,Natalia Díaz Martínez,2020-07-26T03:55:57Z,5,1
5288,Adrián Díaz Gómez,2018-09-12T16:17:57Z,2,3
5289,José Morales Pérez,2019-05-31T22:09:21Z,5,1
5290,Daniel Martínez Davis,2018-12-09T05:49:47Z,4,4
5291,Jorge Romero Rodríguez,2018-10-29T08:23:40Z,2,2
5292,Sophia Díaz Gómez,2020-02-20T19:49:12Z,5,3
5293,Laura Brown Rodríguez,2019-08-06T02:40:47Z,1,1
5294,Christopher Rodríguez Miller,2019-02-25T21:49:53Z,5,3
5295,Laura López Martínez,2018-07-16T05:08:49Z,3,1
5296,Jorge Díaz Morales,2019-10-03T18:19:14Z,1,5
5297,Laura Martínez Davis,2019-03-20T00:36:12Z,3,2
5298,Adrián Brown Martinez,2019-05-03T02:17:57Z,1,3
5299,Sophia Gómez Sánchez,2019-02-11T12:12:34Z,4,3
5300,Raquel Martinez Wilson,2019-04-29T04:41:05Z,2,3
5301,Laura Sánchez Fernández,2019-10-14T20:37:47Z,1,3
5302,Natalia Miller Rodríguez,2018-04-21T03:27:04Z,4,5
5303,Carmen Rodríguez Davis,2020-08-01T15:31:39Z,4,1
5304,Carmen Miller Johnson,2020-10-14T22:04:35Z,2,3
5305,Raquel Garcia Jones,2019-10-09T12:42:44Z,2,4
5306,Christopher Wilson Brown,2018-12-31T00:30:24Z,1,3
5307,Sergio Pérez Pérez,2020-12-22T05:44:08Z,4,4
5308,José Martinez López,2019-04-25T04:39:23Z,4,4
5309,Daniel Johnson Davis,2020-02-29T15:43:45Z,2,1
5310,David Moore Johnson,2020-02-25T22:51:39Z,3,3
5311,Elena González Romero,2019-06-15T07:25:02Z,2,2
5312,David Brown Sánchez,2018-10-23T03:47:44Z,3,1
5313,Javier Martinez Morales,2020-11-28T13:54:17Z,3,5
5314,Sophia López Martinez,2018-06-09T16:34:50Z,5,4
5315,Sophia Pérez Moore,2019-08-05T03:35:06Z,3,3
5316,Christopher González Moore,2018-11-13T17:32:13Z,2,4
5317,Alejandro Gómez Jones,2019-01-25T23:22:44Z,1,2
5318,Sofía Miller Jones,2020-07-13T12:39:19Z,4,5
5319,Carlos Miller Jones,2019-04-09T06:22:24Z,2,3
5320,Sofía Miller López,2018-06-29T08:21:30Z,1,3
5321,David Martinez Sanchez,2018-10-20T07:24:57Z,3,2
5322,Miguel Gómez González,2020-08-14T08:57:41Z,5,4
5323,Carmen Smith Fernández,2020-12-09T00:41:31Z,2,3
5324,Elena Smith Jones,2018-12-30T23:34:18Z,4,1
5325,Jane González Garcia,2020-02-11T09:48:55Z,3,4
5326,Christopher Romero Davis,2018-06-27T04:46:33Z,5,1
5327,María Wilson Miller,2020-03-30T11:10:26Z,5,5
5328,José Sánchez Smith,2019-05-28T10:28:42Z,3,5
5329,Natalia Fernández Martinez,2020-10-11T03:50:16Z,2,4
5330,Christopher Sánchez Martínez,2019-02-12T12:52:04Z,3,4
5331,Javier Sánchez Brown,2020-11-03T11:12:27Z,3,1
5332,Jorge Gómez Sánchez,2019-08-23T05:56:17Z,2,1
5333,Isabel Gómez Morales,2019-03-21T21:25:48Z,1,1
5334,Jorge González Díaz,2020-01-14T00:28:12Z,3,1
5335,María Pérez Fernández,2018-12-12T17:54:31Z,2,5
5336,Emily López Gómez,2018-11-22T18:19:34Z,3,2
5337,Adrián Wilson Smith,2018-10-20T08:18:52Z,3,5
5338,Carlos Miller González,2020-11-21T21:35:21Z,4,3
5339,Ana Morales Wilson,2019-08-12T21:55:45Z,4,5
5340,Luisa López Rodríguez,2020-04-27T14:45:32Z,3,5
5341,John Jones Pérez,2019-07-24T23:48:18Z,4,5
5342,Sofía Fernández Davis,2019-11-15T12:57:49Z,3,5
5343,Alejandro Sánchez Rodríguez,2019-11-12T03:20:07Z,2,4
5344,John Wilson Díaz,2020-12-11T21:16:16Z,3,5
5345,Javier Smith López,2020-02-04T10:23:41Z,3,3
5346,Sophia Smith Morales,2018-12-02T18:28:02Z,2,4
5347,Jorge Fernández Rodríguez,2018-04-22T04:44:37Z,1,4
5348,Miguel Pérez Morales,2018-11-11T16:22:16Z,3,4
5349,David Martinez Sanchez,2019-07-06T12:28:16Z,3,3
5350,Luisa Martínez Smith,2019-05-05T10:05:16Z,5,4
5351,Jorge Sanchez Johnson,2020-06-27T07:49:46Z,2,5
5352,David Rodríguez Wilson,2020-05-31T13:21:42Z,1,2
5353,Carmen Brown Wilson,2018-07-05T02:18:11Z,3,3
5354,Sofía Fernández Díaz,2020-11-14T00:15:25Z,3,5
5355,Adrián Fernández Morales,2019-09-16T10:57:36Z,2,1
5356,Jane Martinez Johnson,2019-11-24T09:41:41Z,1,4
5357,Laura Gómez Garcia,2019-05-17T01:21:44Z,1,2
5358,María Johnson González,2020-01-16T12:01:21Z,5,1
5359,José Davis Sanchez,2020-08-25T07:49:51Z,2,1
5360,Sophia Romero Martinez,2020-02-09T22:27:46Z,3,1
5361,David Sánchez Romero,2020-12-02T02:21:53Z,4,1
5362,María Morales Moore,2020-03-08T02:56:01Z,2,1
5363,John Romero Fernández,2020-07-06T17:17:50Z,5,1
5364,Emily Fernández Sánchez,2018-05-22T00:56:59Z,1,1
5365,Miguel Wilson Sanchez,2020-02-08T16:45:50Z,5,4
5366,Ana Sanchez Martinez,2020-01-21T18:03:47Z,3,2
5367,Carmen Díaz Martínez,2018-07-17T17:54:18Z,3,1
5368,David Morales Rodríguez,2020-07-27T09:17:58Z,1,1
5369,Laura Gómez Gómez,2019-12-12T04:08:15Z,1,4
5370,John Brown González,2018-07-14T07:52:26Z,3,4
5371,María Gómez Martinez,2019-11-22T11:12:38Z,4,4
5372,Luisa Sanchez Miller,2019-07-29T09:58:48Z,1,1
5373,Carlos Gómez Pérez,2018-11-26T07:02:44Z,2,2
5374,Miguel Brown Moore,2018-04-26T18:08:46Z,5,4
5375,Jane Díaz Martinez,2019-04-07T13:36:52Z,5,2
5376,Carlos Smith Johnson,2019-12-17T20:25:32Z,2,4
5377,Natalia Martinez Martinez,2019-03-02T06:41:56Z,1,3
5378,Jane Smith Davis,2019-02-08T06:06:41Z,4,2
5379,Ana Davis González,2020-04-27T02:54:34Z,4,1
5380,Elena Smith Sánchez,2020-05-04T14:59:28Z,2,4
5381,David Johnson Fernández,2020-03-25T18:22:47Z,3,3
5382,María Miller Gómez,2018-07-17T04:22:00Z,1,4
5383,Alejandro Garcia Sánchez,2019-09-05T03:58:58Z,1,5
5384,Miguel Gómez Johnson,2019-10-16T19:10:03Z,3,3
5385,Sophia Moore González,2020-04-20T19:18:30Z,3,3
5386,Miguel Smith Morales,2020-09-26T04:15:54Z,3,3
5387,Sergio Sanchez Wilson,2019-04-11T00:55:57Z,5,5
5388,María Pérez Romero,2019-06-09T15:55:23Z,2,3
5389,Alejandro Gómez Pérez,2020-04-08T18:25:10Z,4,4
5390,Emily Sánchez Brown,2020-01-29T15:16:25Z,5,5
5391,Isabel Johnson Wilson,2019-10-16T20:52:38Z,4,4
5392,José Pérez Johnson,2019-03-23T03:21:03Z,1,5
5393,Sergio Sanchez Sanchez,2018-10-19T08:27:22Z,1,3
5394,David Johnson Sánchez,2018-10-07T19:22:36Z,1,5
5395,Alejandro Martínez Wilson,2018-06-27T13:59:56Z,5,1
5396,Adrián Moore Jones,2018-06-27T04:49:13Z,1,3
5397,Daniel Martinez Gómez,2020-07-30T19:09:25Z,4,3
5398,María Martinez Martinez,2019-04-25T16:08:45Z,4,4
5399,Emily González González,2018-06-06T17:45:03Z,3,1
5400,Miguel Romero Moore,2020-09-19T10:12:57Z,1,2
5401,Laura Fernández Johnson,2018-11-16T06:29:28Z,4,3
5402,Christopher Pérez Jones,2018-12-31T02:59:10Z,1,3
5403,Emily Davis Gómez,2018-10-18T11:56:53Z,2,1
5404,Christopher Johnson Davis,2020-11-29T12:01:30Z,5,2
5405,Adrián Moore González,2018-07-28T12:57:43Z,2,2
5406,Jane Moore Sanchez,2020-03-29T03:55:03Z,3,3
5407,Sophia Miller Morales,2020-10-25T02:07:46Z,2,5
5408,John López Martínez,2020-02-04T00:01:51Z,1,5
5409,Sergio Fernández Rodríguez,2020-08-12T17:26:18Z,4,4
5410,Isabel Miller Moore,2018-12-05T10:43:49Z,5,4
5411,María Díaz Smith,2020-02-09T22:16:16Z,3,1
5412,Adrián Sanchez Díaz,2020-03-07T20:54:43Z,3,5
5413,María Díaz Gómez,2019-07-09T07:58:48Z,5,4
5414,Alejandro Sánchez Smith,2020-08-24T13:05:40Z,4,3
5415,Javier Romero Davis,2020-03-01T09:15:58Z,3,2
5416,Raquel López Wilson,2020-09-17T21:04:00Z,4,3
5417,Carmen Johnson Smith,2020-04-29T04:54:15Z,3,2
5418,Emily Gómez Sánchez,2019-09-09T06:58:11Z,4,4
5419,John Romero Garcia,2019-08-18T16:31:01Z,1,1
5420,Ana Rodríguez Wilson,2019-07-04T17:27:46Z,3,1
5421,John Johnson Fernández,2018-04-28T15:31:28Z,2,2
5422,Luisa Martínez Jones,2019-09-24T03:23:36Z,3,4
5423,Isabel Martínez Sánchez,2019-06-03T23:21:26Z,4,2
5424,Raquel Johnson Rodríguez,2018-09-11T12:48:22Z,5,3
5425,Alejandro Moore González,2018-08-04T01:40:21Z,5,1
5426,Isabel Martinez Pérez,2019-06-30T08:26:41Z,4,4
5427,Alejandro Sanchez Díaz,2018-05-16T21:54:47Z,1,3
5428,Raquel Brown Moore,2020-12-18T13:55:01Z,2,2
5429,Emily Sánchez Sanchez,2019-04-20T02:54:08Z,3,1
5430,Carlos Brown Johnson,2019-04-24T02:37:13Z,3,4
5431,María Sánchez Martínez,2018-05-28T03:01:52Z,4,3
5432,María Brown Davis,2019-06-07T16:08:09Z,3,2
5433,José Brown Johnson,2018-04-22T17:53:25Z,4,1
5434,John Brown González,2018-05-07T02:14:49Z,4,5
5435,Sergio Garcia Brown,2019-03-12T02:22:53Z,4,3
5436,Sergio Morales González,2020-07-05T23:15:16Z,5,5
5437,Carmen Miller Martinez,2019-07-09T19:42:20Z,3,1
5438,Ana Miller Johnson,2018-04-21T20:10:26Z,5,1
5439,Laura Morales Pérez,2018-09-17T05:16:50Z,4,1
5440,Laura Romero Brown,2020-04-15T22:08:42Z,4,3
5441,David Wilson Pérez,2020-04-14T07:02:58Z,4,1
5442,David Sánchez Johnson,2020-04-30T12:32:58Z,3,4
5443,Sofía Fernández Martinez,2019-03-24T16:03:53Z,5,1
5444,Natalia Romero Davis,2019-03-25T06:38:47Z,3,4
5445,Carmen Romero Wilson,2020-06-17T01:48:56Z,2,5
5446,Carmen Sánchez López,2019-05-10T03:18:32Z,2,4
5447,Laura Morales Davis,2020-04-03T04:35:02Z,2,2
5448,Sergio Díaz Gómez,2019-11-09T02:57:07Z,2,1
5449,Laura Sanchez Martinez,2019-04-06T08:12:00Z,4,2
5450,David Rodríguez González,2018-06-26T00:09:23Z,5,4
5451,Natalia Rodríguez Díaz,2018-08-01T03:00:32Z,1,2
5452,Isabel Pérez Díaz,2020-09-12T13:24:32Z,1,2
5453,Christopher Moore Johnson,2019-07-03T08:10:19Z,2,3
5454,Javier Sanchez Romero,2020-12-26T00:06:31Z,5,3
5455,Javier Gómez Wilson,2019-04-05T21:31:35Z,3,4
5456,Laura González Díaz,2018-12-12T22:54:11Z,3,4
5457,Natalia López Pérez,2019-03-23T12:56:36Z,2,1
5458,Jane Rodríguez Sánchez,2019-03-16T02:03:58Z,2,5
5459,John Morales Moore,2020-01-04T08:33:40Z,3,4
5460,David Wilson Gómez,2018-04-19T17:42:05Z,1,2
5461,Luisa Díaz Garcia,2020-05-09T06:26:49Z,1,4
5462,David Miller Jones,2019-05-28T09:57:03Z,4,1
5463,Alejandro López López,2019-06-13T05:44:25Z,1,2
5464,Emily Díaz Rodríguez,2019-08-01T02:45:36Z,3,2
5465,Raquel López González,2019-06-30T05:05:55Z,2,2
5466,Laura Sanchez Johnson,2019-08-17T11:18:05Z,3,4
5467,Raquel Gómez González,2019-03-18T21:42:12Z,3,4
5468,David Martínez Wilson,2019-07-04T08:18:25Z,4,1
5469,David Brown Davis,2019-05-16T15:37:54Z,1,3
5470,Jorge Rodríguez Díaz,2019-09-07T05:49:30Z,1,5
5471,Carmen Moore Jones,2019-12-21T06:27:28Z,3,1
5472,Carmen Sánchez Gómez,2018-12-04T00:58:28Z,4,5
5473,Sergio Díaz Martinez,2019-08-28T10:29:29Z,3,2
5474,Jane González Romero,2019-11-22T14:55:33Z,5,1
5475,Carmen Jones Garcia,2018-04-23T22:45:34Z,5,3
5476,Sophia Morales Fernández,2019-09-09T11:50:58Z,1,4
5477,Sophia Miller Martinez,2018-12-02T07:02:16Z,3,2
5478,Jorge Brown Gómez,2019-05-16T12:55:30Z,1,5
5479,Miguel Díaz Johnson,2020-07-11T12:43:25Z,5,2
5480,Carlos Brown Miller,2019-02-27T05:39:15Z,5,2
5481,Ana Pérez Davis,2019-08-03T05:12:21Z,3,1
5482,Raquel Morales Pérez,2018-05-01T17:47:15Z,4,4
5483,Christopher Romero Miller,2019-02-09T18:01:15Z,1,1
5484,Jorge Gómez Gómez,2020-01-06T17:18:21Z,3,4
5485,David Romero Díaz,2019-02-16T03:52:57Z,5,1
5486,Elena Gómez González,2018-10-29T19:08:24Z,1,4
5487,Carlos Díaz Davis,2019-01-22T15:44:10Z,2,3
5488,Laura González Romero,2020-11-16T09:04:44Z,1,4
5489,Sophia Garcia López,2018-07-02T19:14:37Z,4,3
5490,Carlos Martinez Rodríguez,2019-07-14T08:35:10Z,3,1
5491,Daniel Romero Garcia,2018-06-04T09:17:08Z,3,4
5492,José Morales Wilson,2019-09-27T15:47:51Z,4,3
5493,Elena Moore Davis,2018-08-31T00:51:27Z,1,5
5494,Natalia Wilson Gómez,2020-01-01T02:02:06Z,1,3
5495,Daniel Romero Smith,2018-12-27T09:32:20Z,5,3
5496,María Gómez Davis,2020-02-26T21:58:08Z,1,1
5497,Alejandro Rodríguez Smith,2019-03-20T03:30:19Z,2,2
5498,Christopher Morales Romero,2018-04-11T04:02:37Z,4,3
5499,Jane Wilson Johnson,2019-01-26T21:28:22Z,5,4